,tier,summonerId,summonerName,leaguePoints,wins,losses,veteran,inactive,freshBlood,hotStreak
0,GRANDMASTER,g37ymd1Txat8OjTu33xpEVNH52_nmsq-e7J6xLXWtXeRlKo,BRO Listo,404,462,444,False,False,False,False
1,GRANDMASTER,KanOEuXetxzlSr7kYEMFRXhmXz67ZGCiqmmk8wLmarO_d_U,Liiv DDahyuk,512,526,502,True,False,False,False
2,GRANDMASTER,ZmYqR9ZyDaOaO6qmBQVJRACdtQlXnqYk5rYtWr9hf1YHYA,WhtWht,367,437,404,True,False,False,False
3,GRANDMASTER,hibNlOAUJjhgqiQz3WPLy2T5Jg-aQQOPgLBswgfguy2vDQ,BigFour44,599,483,443,False,False,True,False
4,GRANDMASTER,FZsJS6F-Ni1ayS5edkBaXts8_ROfoc6iFoRNtzup9sXXVCbQY2Oi62KGgQ,yang zhi bu ou,696,529,458,False,False,True,True
5,GRANDMASTER,E1Ei27jkTihxtnLzGDT7hr3IBvK4RA8_IyNgrUPYpXVcmg,나는 몽키 D 짱구,723,380,339,True,False,False,False
6,GRANDMASTER,pfvMykZDLYehFeuSer8bDfGeMxxzUHwP4zQMkLoXXkUy984,NEED HER,408,275,240,False,False,True,False
7,GRANDMASTER,fM7bvshGR9ymkvzhV9euC9bFrbjNPJMENeAosB_G-n5w-Hk,차갑지않은사람,604,520,483,True,False,False,False
8,GRANDMASTER,t4dTiqVYDkuDQ3si7lFr56KZZijIlzKZqvJIFn7nfvHlpWA,트위치 라쿤99,628,200,163,False,False,False,False
9,GRANDMASTER,RSMLDHgoh3pYD295AOpgRbwVXe53fJaP0CylKhmCRuxKdiqF,TWITCH ggbb528,423,494,395,False,False,True,True
10,GRANDMASTER,FJHYTdvjW-od6kT0pN-OWuZdFMt7vEOjTSqx6Uki7bGKDm4,Gaojianguo,594,751,718,False,False,True,False
11,GRANDMASTER,69CVq_8X0R_YBo0Cr1SQ3UoFdDwEqipsc8uQcZ5B3nKp9tfEKK9Slm44DQ,ayulsalriy,591,681,652,True,False,False,False
12,GRANDMASTER,m2wG1yScA9rjoT2olRSEZt2rjv0MnrjsGnfdMWcJiMtFuA46VX-uWD-bpw,너 보다 뛰어나다,370,319,272,False,False,True,False
13,GRANDMASTER,HILtmlLw8rKopTOkjfQGwOLWSieHN9unttLPWevAm8BlnN8,소중함을잊은사람,373,378,343,True,False,False,False
14,GRANDMASTER,ySMmJwSLN1oKLlFtGt59N5y3usl-VGXoo6Z-54JVxJfpwzDLk6cdbnFpbw,way you do,346,655,614,False,False,True,False
15,GRANDMASTER,mF7yJSn03KaLvcmgoUxpO13FLmjaydZ0hMTWVXUZ9oEOhV_cEs6fClf3IQ,T1 Zika,710,432,375,True,False,False,False
16,GRANDMASTER,Y1jT5Y0g3hvpXiLaCwMMlv1NBwstP5KlHqUCMvlbgj6bXys,불다이아123,385,91,68,False,False,False,False
17,GRANDMASTER,11VXogAHZGBj8lmyF19GN8JEJ5WyIoQ22qYZAN2elypxo7raR-D6owq2UQ,qeawasdasd1,448,82,54,False,False,False,False
18,GRANDMASTER,mXwjjw41dTv6Ueqq0eE1SjnlRtYMzRoyVxlY2isr23nZXc61MfwluoWRvg,Pummel Party,657,137,84,False,False,False,False
19,GRANDMASTER,TDxPK6iKGEaX1E6FbVnX7R2I1pZWMShD-1i60JCZ2Gga50o,Savage,367,764,732,False,False,True,False
20,GRANDMASTER,fq2T72Tikk6pqluH8gEbODDi62o5qGd6waP2UB3xk1kzBsI,드레이븐원챔6,366,234,193,True,False,False,False
21,GRANDMASTER,9zSIJfksmEVw0_nrYcOlwEFWKWAPc7Pt_c4z11v0xUv5AVQ,Deadly,539,349,310,False,False,False,True
22,GRANDMASTER,az6D4tUWNl8BNXdIYlhq8nhcqCBOJHgKPydL8CPq56P0VCEPRHO25j1hnQ,asdfdfewdv,636,325,287,False,False,False,True
23,GRANDMASTER,OxJKv9RSN_Dccx2izfGpx2rzsuHmB-GceG-eugeAeWlp6Xo0ULpqUEOJrg,목표를향해달려,612,191,154,False,False,True,False
24,GRANDMASTER,L0XYSXJqpLawt6hFxVeMDpIucDJ0Rxt7DheoJ8o7aoSwLjpZsZsy7k_rtw,loucunren,491,129,83,False,False,False,False
25,GRANDMASTER,OElxYphXYcOteRsaDDBdWXIQQhjzUFVCJjdAF9BXLBjyYoqTO1mCTA9Wig,몽키 바나나1,425,373,327,False,False,True,True
26,GRANDMASTER,K1cc71sAlyPJLFp339XbQoF2sPbMqKI7g5VXUUID4bqrRw,StephanFelix2,546,754,720,False,False,True,True
27,GRANDMASTER,d0Yhlujmkx4HYeBzzCEvqu5fHc_f2vWlu2q8IEtInoABKpo,Gen G Basic,403,594,564,True,False,False,False
28,GRANDMASTER,W_OOSHJArDJ-ZLvPnMPcCvmc8YQFcmW3MtJiX8P-buBuow,No chat JG,698,222,189,False,False,False,False
29,GRANDMASTER,b089xMcbMFzflV8vhi42fnBJrCj-4GQ4ayimYMSp868_O_oEycsiDbmBtw,youraa,658,239,182,True,False,False,False
30,GRANDMASTER,Fo-WsE-ABtMba_LDd5mELUbMfGoteWLZROgnzOBePuLEcKQ,레넥톤 장인,393,356,331,False,False,True,False
31,GRANDMASTER,KLBaiQ5fWtyNmJ1xm8bWJ-Cb5SY8cj1MfcGzq5MLDo1JQlg,springs2,693,132,93,True,False,False,False
32,GRANDMASTER,o-GV-U4htTELMpbuez_eyrQNFL3iB6-xTTuoh4t2I0EUcQM,뭉강밍,543,136,108,False,False,True,False
33,GRANDMASTER,E_dFayM0I6DTQdpUW-G79NuLXEBYBTQzEjvU6DgiAfksO1I,미스틱샷,706,459,420,True,False,False,False
34,GRANDMASTER,LNvFw6I45Uq8mR2zkcau3n8himq3LsSSXDWo7ieMzJ89Be0StCqJJ6KvDQ,wushuo,426,453,425,False,False,False,False
35,GRANDMASTER,-eW6YN6tUY8Ktaw5_RQPp9AMTBB5_ccMUF981AKd1w7KEEjPzWdl5fRQgw,호랑이석사,671,381,333,True,False,False,False
36,GRANDMASTER,G4nSP5CswHEJ6ayouwyBoCIaP4LPPhRVgkav5b2P7jBz56s,성모님의군대,504,422,389,False,False,True,False
37,GRANDMASTER,9-ekihc2VvvqvE4CTgM1bvLn6T6RqZWWOtCBtbot4q7gsDQ,Destiny,733,371,338,False,False,True,False
38,GRANDMASTER,mi4wY9McNF0onzlwa3XCuJsGBM2WrVrT7INbiree_2V54BM,무인데용,532,392,357,True,False,False,False
39,GRANDMASTER,cRWd6jOdgZF4rdHnQB4bTDxGvIn8Cj9qdXwVLx5NhleMY0A,liiiiliiiiiill,606,339,314,True,False,False,False
40,GRANDMASTER,gSqFei7JFGd6VHWQMrTh2phV6z-LGnY3QUq9bwzYozVIrcO6,임도완최은정,520,535,490,False,False,True,False
41,GRANDMASTER,-6wDtRpk-WTmHOg2nCZp0fj2petXUR0iDU2T1CxFiGnttdCW2bFIqGLWgw,royal fluse,670,265,238,False,False,False,False
42,GRANDMASTER,7ZWoUP37OVjTI_nW3ZSKBY0388wUmoLIB0LM4uMZPg-1ttCz,재훈이의 모함,678,538,501,False,False,True,False
43,GRANDMASTER,8qKcTFQUzDCmam9AJRnVyVC2tVRPFBNbgHQCggRA6VNc3_A,팀운의 사나이,403,1192,1178,False,False,True,False
44,GRANDMASTER,9hA7r9vLHh19uxVEfKWODkNrKSOZ-WZNe17tBafrwizfh-su,like cs,664,104,61,False,False,True,True
45,GRANDMASTER,HxRWxqdB39tQFy7ixOSl-RgCnz5JbH0YL-GQ5TZ9ZbRrvN4,Inori Minasea,597,377,353,True,False,False,False
46,GRANDMASTER,Y43YB6hfUeN1p8pRSNYrP3YWxZQNclTta8jScZ2-ifHOFtI,샤코대장노령진,394,351,315,False,False,False,False
47,GRANDMASTER,hoqwaNxR0n7naUOyhlnCplUbdegPq3UUNawLmrbisY2muOo,낫 납,359,190,166,False,False,True,False
48,GRANDMASTER,J2wcLnmEjii5VhKadv7EL1t2F0nzI8q5QSThRMWpmECkUmpXO-58BV6IHw,Xiamentop OwO ,399,195,154,False,False,True,False
49,GRANDMASTER,Wrd0V6TLcpGc_5yy5tobMzXrQraKubdoIya-geWxEozb5disEq5VURvRsg,shenzhenguanjia,473,677,630,False,False,True,False
50,GRANDMASTER,Du1866b1IhpF6O4fE2GuYCmjGtulMq_sDrrc3SbZYeZUBuw,ADD on win,386,132,112,False,False,False,False
51,GRANDMASTER,_mzRGkbWH0b6_Shr9lXTUPHRQfUzSIB8d3GtwFYyPTLfZ1U,SWHzzz,528,272,225,False,False,True,False
52,GRANDMASTER,w5dy4-iqooZdvwfdPeTLC6dUW3kAFQRVjQEYbBQinrSWCI4m5-hMXOI9ww,반갑다 코리아,676,211,149,False,False,True,False
53,GRANDMASTER,4bf2GgLt1Xdv0zpbDvLUoOXCM_yectJKFi6UmPJM6wXkAqk5sXNMOWFTcA,노상포뇨,397,163,104,False,False,True,False
54,GRANDMASTER,pIxEK0I67LFWxEsz8kTmnHhD5xkeu48iQjpYm4ZOcgDHSQ,외길인생 샤코,633,376,324,False,False,False,False
55,GRANDMASTER,c9M4ZQ0IH8X-GN-FOynR93wtodsz_4zwUymBQlLEtLA7uO4,Eurooo,508,205,183,False,False,False,True
56,GRANDMASTER,UIPpx-Vb5gupQadwzrvnZJDFOn8Ec6sqMj81pL9cndpmkK0,공부하기시러요,600,202,162,False,False,False,False
57,GRANDMASTER,3klr4V2xqxq1r-jaMRxJ60SMpfF3GUDl_wUnUmz4_TIZv90,이탈리야 전문점,511,264,235,True,False,False,False
58,GRANDMASTER,dgzb5MurX9Qcjsooh6Wl5ZFIYCeenbTUW7uLR_OOWEQOXI8,asdfgasdf,729,309,277,False,False,True,False
59,GRANDMASTER,aYEgf1ck1GX6LbHUVW62M4jeLFVktydBGnG0hxPVh7ebf-8,탱 녹,525,369,334,True,False,False,False
60,GRANDMASTER,KFxJx14IneEoWlME5Jv8WtJo1J_nPxx0iF9rGs6K9EPkZklmZZSWUkMjsA,yan hua y1 leng,473,634,588,True,False,False,True
61,GRANDMASTER,8uk3KXZHaZRL3vDmMYhelLj4y0XOW86zHH7Llli5cJXEVz8,돌아온호랑이,480,540,503,False,False,False,False
62,GRANDMASTER,_vciNzmdP6zhOZHehkEmOxo8c_7nUi50-RdmAzpRzP9dwCt7UHZIRAFiew,yangxue2,470,385,342,False,False,False,False
63,GRANDMASTER,75MaT0GY0_tDhzbQgw4lLwWmeRih1NMQu9YIk8uWXJXx7Q,구자룡,523,227,192,False,False,True,False
64,GRANDMASTER,IdJ7FMf-eBBQv7h7uVIGCdn8yP-wZuw3f7pLZ4J8WauSqkA,By 불비,400,331,316,False,False,False,False
65,GRANDMASTER,rWFM0momSP8Ynbgun0uyOP004GIvl3OTsMbCY3AySGoDqvg,FA 2003 ,570,313,284,False,False,True,False
66,GRANDMASTER,0ULAJsb0BscGHW9PD99YWx3CmCEMzSgO3DjbZ7vDPTNbV6M,달빛 여왕 럭스,608,140,101,False,False,False,False
67,GRANDMASTER,wq-CO8qF3x2VsbnAnNzXrXKRN-mC-ORTiIJPvH9RyjfCaEM,Rashom0n,474,346,299,True,False,False,False
68,GRANDMASTER,YTtXiHai7qHag0wELEbzYruJfNDEJXY5nEV-r9j2GYqG9BT6prBUMDvDGw,IRELKlNG,479,146,117,False,False,False,False
69,GRANDMASTER,k3Ny0_YIDXbSrk3Qh--LjVcHgjcQCS7xwVWmT7MxOKfITQ0,iiillilililiiiii,732,285,236,False,False,True,True
70,GRANDMASTER,8y3h38tQFoaJ2D0h4Quz2m2rEaWDgawNpF8UqlYxVA00oAgUNRUadAPXog,kamen rider zio,668,157,99,True,False,False,False
71,GRANDMASTER,fF9tBhCallISxr6PPWY2S2JC6_j31VP7Huc3SC3HczzFHtM,빙밍이,428,248,196,False,False,True,False
72,GRANDMASTER,maV6vJ24GHMx4esSlLGsZOjBTuotGaDETy5Ta8oanj6TKg,언니우기,653,403,373,True,False,False,False
73,GRANDMASTER,eiQkPx_DFxWXPM5sqnk2kce1CS5sIpxJoP0kbtMSrdIcQhk,나의 미안함,439,335,308,False,False,True,False
74,GRANDMASTER,VwzB2NOTBExqhUdz7q3Eos5TXQC6tNCVw8de3QwrOq5XVA,라 코,433,135,117,True,False,False,False
75,GRANDMASTER,W5lP5sogEo0IDk2Ieq-xRVa4I6kNHgquniFOstvENUNWGkAVFy1nwjlCrg,scy19980304,376,208,181,False,False,True,True
76,GRANDMASTER,ZZ_7VaPXTZBzXhZ63v8lzr5L7Wrj6hnbr3fj63gWswst8uM,Iove Baobob,429,436,410,False,False,True,False
77,GRANDMASTER,V8_eF3mOImOFKVNS_UFttOEZcE4CqiFRVIBRnLuKLz22clo,ku a men ,388,474,445,True,False,False,False
78,GRANDMASTER,XIxAHqaombXwWKLXFz_XWSQttnbc2i9D1y4lGj10X8EPtl0,flawles,522,373,337,False,False,True,True
79,GRANDMASTER,nZkB_pKXrYQ79QTjLB1_2ieqvfQX7CZn8wLXyz6WJ2kgxr4,Oct0ber,484,234,215,True,False,False,False
80,GRANDMASTER,zKOBXH-wL0b6hMI0MW3y4W0qAfnwVGyfQx1-MblxZAxAdmo,나는 개1,690,346,314,True,False,False,False
81,GRANDMASTER,pOF3w0L9JpO5Z1wb7Y-usZIkRUUnAFO9VWGKBmVRVWXx0VM,우준준,449,321,267,False,False,False,False
82,GRANDMASTER,oi9kovwT_ZjuWZrO5OBPnG9IvUoG2wQH20GI-EOOaE52TVs,Yurooo,406,190,158,False,False,True,True
83,GRANDMASTER,64Gv3a1m1ly6WgPEumbP5UKgTKT0xJ98wO0nQhtKzDTXvKI,띵커1,493,694,666,True,False,False,False
84,GRANDMASTER,6nyTcseShSY5EKtNxnJ2JfCMTmW94hJpMSyShertGGS6uEitWok0ZffVjA,겉만같다,529,161,118,False,False,False,False
85,GRANDMASTER,TNwFnYsESWtgih_3cdSgqdBiHkbLsyq_X0Ppn5nBpraRuWBmE4mn-tHJ3w,xiaolingdang,428,641,598,False,False,True,False
86,GRANDMASTER,Jrtr_zjmT58O8bEn6Z_TIJjHsWVGosrMiaHNJyRIVpRYpac,파 고,365,235,203,False,False,True,False
87,GRANDMASTER,L5tSYVXXREb38uTTt70h2yD2q97u8zYhFYyE-TfaYdDRqPq6CK3pEwupTQ,xue yue feng hua,545,675,600,True,False,False,False
88,GRANDMASTER,9Z_JUS-vKRplUIsFBIEIMuL8nSJgIN_TuqFyi8Oss_gPvIemiq65vaIxoQ,aimingdd,731,457,408,False,False,True,False
89,GRANDMASTER,rvpy9AOzKHlFTNrd_i5FS9RuW_THuHE5K-NgUvomQg1kSOLy,미드잘하는정글러,617,649,599,False,False,False,False
90,GRANDMASTER,fZ07FT5oolFuZFPeBKyyr3HcwNbBj2T_RD8RbPbLB1dBzyg,시간의 숲,472,142,111,False,False,False,False
91,GRANDMASTER,V6SbQ29oMJ-gt56u_q-b75Zl5SLv674ISpRFtI4-OvYpyP9kFxGYwuiadQ,jmin20114,444,256,208,True,False,False,True
92,GRANDMASTER,hjhZk9eeksWL908hFeH9-XvUynzn_S40LPv4nYSvOi6bd_U,도 일,542,480,444,False,False,False,False
93,GRANDMASTER,Vbpr3QE4U6-i0QbI-KF9Y0yiEwQSG6sVLDQ2wJxYtHHP7g,조광희,415,227,197,False,False,True,False
94,GRANDMASTER,4XFwUud5HgCIif5Kc0BAGd1j7VuQOcHTlKmJn9Lxlax2mFg,교육잘받은도구,624,192,168,False,False,True,False
95,GRANDMASTER,UGGx0fPPWHljgShn5FMcRKQvbs-2nm7VSxk_ECvvCJEjgV0,행복하다구요,553,221,195,False,False,True,False
96,GRANDMASTER,DW1fFjwAWB1Dk2VN9Zb9cWUWErbsdxnJE9wsAwsnSi7_oVoF,갱값하는미드,460,534,501,False,False,False,False
97,GRANDMASTER,CikUhf2WF8HP0KZZovRiKKPWpZ-pFOzNXyXfDKkUXcs62A,GALAXYSIS,450,205,175,False,False,False,True
98,GRANDMASTER,zgTho6eAj6THegZI-usCDE6rnSIdVmVOwRAqRnMqJkLZbIo,Golden colt17,531,423,380,False,False,True,False
99,GRANDMASTER,jtZIcKCzMGl78yu20pGxWsI4HT3U2kuOd2QaUvz28oYiog,숙련된 냥이조교,485,276,232,False,False,False,False
100,GRANDMASTER,IspOrkVZMeyp3YCkpcdBhNenciF5sbBAiRlFH3P94BoOa8Y,물방울터트리기,436,567,544,True,False,False,False
101,GRANDMASTER,9IQH3lwyavdFvnYhP8NMiGC7a6X-_12mYmjalUbY5OJmJng,KDA1점대인사람,392,85,50,False,False,True,True
102,GRANDMASTER,SWc9E5d1VC12zkNVXHiCLE-53K9fLaHw-rMcVxBJGN5q9E3k-3kA4veasQ,박성범안소윤,685,251,210,False,False,True,False
103,GRANDMASTER,2wW9YEY380SbtQYBobcb2rn_HgVeGFHLIYjjlQNp5lYM4bRLjQ3LOHs0Tg,행복해지는 길,544,161,124,True,False,False,False
104,GRANDMASTER,_IsG_orvPNoXbMZV8LlRQ8Af-XAkW9YFeubrs85Xfc11_kg,쫀득쫀득 슬라임,576,188,139,False,False,False,False
105,GRANDMASTER,Y1d8FX95nB1IqKC1VWFqCVoNooI8bAWiQHjcr36oiemvSFFbCsLRStE5vQ,zjmbaby,416,226,174,False,False,True,False
106,GRANDMASTER,2wcddgQzOT1ub7nmInMqYp2y4wM9dO4ab2QtBtlxRYg-465NFHU3RVQGTw,덕소리 김상남자,617,350,282,True,False,False,False
107,GRANDMASTER,AV_iUiO6Hz_VcYJ8YpLBnU38veXnHk4r2XTMydiXdhTYAenLqv_1tWoj5w,wzzhao1394059072,390,216,156,False,False,False,False
108,GRANDMASTER,Vi9A0vgR0TfT2kw4SUms06Ydpn9_0a0AA5hTocdxudfVqX5QhbPGPBODjQ,wlklklklk,686,658,619,False,False,True,False
109,GRANDMASTER,lMKhGt4ZtpY9TycWVK3REwpWV6uBDJnB3dEZgh8RVWA3fFI,네넹톤넹넹톤,639,498,454,False,False,True,False
110,GRANDMASTER,GLs1NBp08jpNqDlrzGMufCU3SP001dGuqY2cNHKXsRimvd2oRkOuW4P2iA,닭 의 신zz,434,493,444,False,False,True,False
111,GRANDMASTER,ig90M_Tq6k1PGksrd-6JNTN8LvQUx6x6HZASzWMy0wlfOt4,조광희1,594,113,69,True,False,False,False
112,GRANDMASTER,1MTpcp5yCYkOJhPw-cOEDZD7vQSTeoOYJg8IVsOio8cnDeg, 엘 림,673,432,399,True,False,False,False
113,GRANDMASTER,xncPQ00d6dIJNQgwIllYsoPdjf1qIHB4xbRJHwCsBky9SL4,BulyStaL,454,91,66,False,False,False,True
114,GRANDMASTER,v1TqnI4sf5-2gqhLS5x5lNUI4Z7S59dE5REuLBUfbyJmEqPDG4-uZF8RIQ,ybzdhsbs,319,210,187,False,False,True,False
115,GRANDMASTER,KYDR0GpTYKknaBo4lPUR_WvRgQ3FaWFNWpkA_8UmzTus7w,여름아나를왜물어,546,267,226,False,False,False,False
116,GRANDMASTER,u6Py9TgbnQnLK2-0anNPjgKHSjOF1Ahl1HLjZ21VWYy3UFde3JLIDTtyOA,Zhejitianhaonan,419,167,139,False,False,True,False
117,GRANDMASTER,XvPHfJ0p7LufhxJHBKT2169OOyjd1ulw2RbBZjFV6z6jvPY,붸리타스,388,306,281,False,False,True,False
118,GRANDMASTER,Lv8_NZns6l3sTeaxuYppCGsVO5gYLE31tR21rjWEo12eeO0,StarSpring2,582,281,257,True,False,False,False
119,GRANDMASTER,Ppy7jjuw1Zx7lqBuN8lCtbF4Uk-7mtppYOLIdOAp_oG3gg683SOvAWk57g,Sad game,525,181,152,False,False,False,False
120,GRANDMASTER,hHPCE4uMsvu339GFZqAK_SSfESNtiYFioTKeE_QpXaouMsJq,zkxkzkxkzkxkzkxk,593,159,130,True,False,False,False
121,GRANDMASTER,sDkaP2-v_MYtPOPmpy_ugWBFxQS4vPgUZJTlxF2Qu33-vD8,Fanch,519,348,326,False,False,True,True
122,GRANDMASTER,NMdiRWXdyGEpPAoft5-D3C4Gb8nAINVFNaWaxNTOVGdCLTA,함박이지롱,627,150,120,False,False,False,False
123,GRANDMASTER,vqRFMiPAdE_qavzacuPRinNKBCLLHitHPCB6mph2z5CCspA,크세로,495,269,246,False,False,False,True
124,GRANDMASTER,_W9hwdFrU4HIhSJF-NJtfWArmG40Rox_FTWxmsj9oQ3LGvqqmBPFEm-qRA,shi le zhl,599,274,230,False,False,True,False
125,GRANDMASTER,7EUgnAtaWK85zWWoC00wR-fGsZpS_PlSF1th6M0-dILNgg,킬러톱,477,509,482,False,False,False,True
126,GRANDMASTER,cB8u1iYQ6wXRtrqNLbjHRsmLv2KrMERXh3535KX9Y9CVVl8,Rose박채영i,560,554,487,True,False,False,True
127,GRANDMASTER,Us19Nef8EKLU_oiLLkWJdfW5wX2qvXv6FMtov1d4s8uLtKM,담원기아김동하I,429,120,85,False,False,False,True
128,GRANDMASTER,uZlVL0Y4m2zBGVSOYQwXhNtwSHEyjHRivLgMsTiijweq9IsElEz9reNc2g,Chotoimayman,584,138,98,True,False,False,False
129,GRANDMASTER,Ot1AZjHJEfAlLjdlqVKZjQSQ6xd1T5dt7H87C2XLltarX6o,MWMWMMWMWWWWMMWM,363,103,89,True,False,False,False
130,GRANDMASTER,UEsKUQE6dD7iKeiq8-72pvwSQuBkAkz2nMyN5UqOwA_DEWH913pjWYc2Rw,New ADC,527,114,78,False,False,False,False
131,GRANDMASTER,Me-k98SZRtKB0-LFrOyFXybpiKRayAj3QJa3lPNgYp8byg,으 화나썽,579,317,276,True,False,False,False
132,GRANDMASTER,q2x2cyW-j6wqzbsfwoTt8-f8VSJ8UgkerJ95DeaWy5QcU48,basyy,475,165,139,False,False,False,False
133,GRANDMASTER,0Uu7eVFqUoTl2f9ptYJPGMSZqn3h2OZuPJ8QODDLap54VUo,Lia the Cat,480,286,234,True,False,False,False
134,GRANDMASTER,C7Qu7WSwA7EM9lv4Tq3KFgLd3qSwmwLLHdBelcm66lemRHU,사랑하지 않아,484,154,129,True,False,False,False
135,GRANDMASTER,T-A3TjFMoMgMMqw2jKc9teb9KnRXrePjhUsGFABdjbTWleM,sadasdsadsad,595,331,305,False,False,True,False
136,GRANDMASTER,0uFdIYbXdL0L-1tykDa1XV_RGjbEElgGvX-XKpU1tI7l-YQ,비전 검,386,300,275,True,False,False,False
137,GRANDMASTER,nkK8EgPdcYFzR4rd5Dwda-gvLDoUXmT3Zf5x2vOYb3gSBdo,수 직,448,205,175,False,False,False,False
138,GRANDMASTER,MvZFdE_DFYPlORr53YGmBlkzcTh80rTCQ0WGezeTwojI3qbh4xgrGLrUzA,YouShouldKnowMe,498,183,132,False,False,True,False
139,GRANDMASTER,-2_FWjCfTLrhUcIjBYiKTikYZe3dhht0-zE-FsgR-e0w2Uo,장트린,372,306,282,False,False,True,False
140,GRANDMASTER,0yT_CMfkBVs660llwMD2sf0l4og8hm3DAJ2IxZcLVsegGwcWdgJheLQWbg,Kill My Young1,500,195,157,False,False,False,False
141,GRANDMASTER,4dPCaQ4kZ31wQWJGHKqSMkDF1WdxRvFWoGrxx0vp37XV_SbBY_1qT-NUeg,Augensternn,666,327,282,False,False,True,False
142,GRANDMASTER,gcOM15cr3KhXQdY9tiKkamNp6gW6ijEobQ-S94gvX80Nt8E_,DK Lucid,346,548,522,True,False,False,False
143,GRANDMASTER,50wOf7lKyKvmEDwICM2G0kFn_Y60ohpuEDH82mLmrglGzPM,유씅진,453,397,369,True,False,False,False
144,GRANDMASTER,JlEOuX5FJ2T_O-r0ZXpeGHWnZDAM7aMhAp1cIR8-uyQ1iNU,시즌2의 백찐현,407,407,371,False,False,False,False
145,GRANDMASTER,lQna8kAjJBbRVweojZIT0xKTnspFij58wYikI_-X6xP86dR_8Ug7FkSGVA,ldmzzz,439,312,267,False,False,True,False
146,GRANDMASTER,_6BaB9mKTuxXcgMntgjyJnY-ToSWdk3i48tY1Ays-0PEai_XVCxi9Hkxkw,tian qian,414,443,412,True,False,False,True
147,GRANDMASTER,sQNCxSHZw-APRS6elg4ID5wBPk7u0o1UhkiFMbNQc67zzXCQGWNDf8EKFg,페이커코딱지팜,447,267,228,True,False,False,False
148,GRANDMASTER,CLbEx_W03W2lGpkk4PrJ-kv8DdX2oPsM_olPlXc3_qRBG28,아정글맘에안드노,410,153,121,False,False,False,False
149,GRANDMASTER,UDcOJCRsR82EFTbYWMOxX8C4PpTEWusR-qF9CqIS46ktRl4,스물다섯번째밤,618,280,252,False,False,True,False
150,GRANDMASTER,3MIKQpGfiUkPv1aETpwYQG0PQRQK7mlzR77Z53hCggPhrA,북쪽의 괴물1,610,247,220,False,False,False,False
151,GRANDMASTER,aN_5dYPpGJETTk1OpadVj0CgRPTffSfgQ5kCJ9Z1EwxVULAu5rNUy5LTmA,The fish,459,661,635,False,False,True,False
152,GRANDMASTER,gPfqC7pb4rQf-Ad5mPhgG45oHGkNujwpLnAUETgyS7AhLUg4vk_jspKddA,The Mao,425,366,325,True,False,False,False
153,GRANDMASTER,xmfnn99lvsgH2JYUGvpTsYxkgVKxAgqQDo6QZevQddndEA,엉덩국 갱승제로,614,447,421,False,False,False,False
154,GRANDMASTER,azPKs9GU6eZEke5u3TDWWhBqR4bQjeW_NOw39MZk6XLtdA,asm1,521,311,271,True,False,False,False
155,GRANDMASTER,AgYnRc0UxOLpm9zCNeMLoY8jBn_Yu9u-f6UewSETTIhBKBo,ebalol,544,276,237,True,False,False,False
156,GRANDMASTER,8oqS_jut9k2F5c2lZ4ZNprTw9hiMEDZqM85FegauRMPg_Ck,allday think you,373,515,485,False,False,True,False
157,GRANDMASTER,TeDpWNyWRrza1ELWAp5PQn74F8uPnmICM6oTizJuWeo_TFN0j2ihAj8_mA,서성거리는개,375,196,179,True,False,False,False
158,GRANDMASTER,L9HhMyPBAfL3VLeMLMa4zABta5XAfR19WyF8sDmdQGIIDUO6nb4K33z5OA,도구중에제일잘침,544,342,289,True,False,False,True
159,GRANDMASTER,8DbQ47sG7_z3kxddql71CP2caHuRgD898igpPphgEhnvCOfUoQBwCNSMXA,111112222222222,539,316,269,False,False,True,False
160,GRANDMASTER,AKRaGWHBk6kFN1jNnLXw1F_psCo5dWx0v-w73tnWNuRU6OQ,제드안합니다,652,403,364,False,False,True,False
161,GRANDMASTER,RW6wuQ9mvPLcoIOZq2CA8WELP9aZrgzMVA0D78s-_3uZBv8,     니체의 철학,410,235,209,False,False,True,False
162,GRANDMASTER,btLJqzthZDwRzh8tfqcsyl36IkV37AhX87JhK4Ml_rjDYhM,AD JJoon,428,498,476,True,False,False,False
163,GRANDMASTER,d8A9rJ1qwbJoqk3j4rBCmkskJvwenQRPgRHveMAw0W7U7dc,주제도모르는벌레,476,445,442,False,False,False,True
164,GRANDMASTER,7o7flX8FJP7lmaL5JBoKQE7aYoYc_ySFD1afK7BHmGmXOA,2게임1분석,467,396,365,False,False,False,True
165,GRANDMASTER,_N8noANF1eVxIalw8vfyXt8lTi3DyF-zmMZrDVLk9i5zxQ,can win sry bro1,535,533,515,True,False,False,False
166,GRANDMASTER,t8K6crRGBWLyAf390zegu9Y_IjszeNyyT6_MflJXU4OTr-M,Gen G ToongE,706,726,692,True,False,False,False
167,GRANDMASTER,6j14ZkHPK6QN6X9RJwpUMtqQ5bqC-1H4TIdR3rp6WlY31EA,Morr1s,506,248,212,False,False,True,True
168,GRANDMASTER,e5uRQ1LmXrLamQv70H13uTGh1xrfoxmxkv5WF0ziM18Jiy0,FATE,472,265,228,False,False,False,False
169,GRANDMASTER,69DnrLgBJETqLHxAiWhupQdrXd1cB9Y2n5gxojvngc4lshs,uchY,391,220,191,False,False,False,False
170,GRANDMASTER,vcA12AhJD8fyNqg03v-RphbfB7wifYtFA9hm50ePBS9baQ,크으으윽,420,231,199,False,False,False,False
171,GRANDMASTER,yZPTTCubeiN90QV_nkp9QKqmXJMmxnYudcASQGVFMkFO5Io,돈많이벌거야,378,183,157,True,False,False,False
172,GRANDMASTER,r7gb6gVdCawTgRVjK-MJUI5r--NKTNBwbM2v_55mKQHfcoc,나락 캐리,414,147,112,False,False,True,True
173,GRANDMASTER,s-VQkUbtfPUZ0t9Ve2b89C6Zhcpmvhqax5ZkmiUaHugSh6U,huizaijianma,395,489,462,False,False,True,False
174,GRANDMASTER,LFIOomOYWb2kQZ4neD-LUICmNDabjU32ym5klZ1MsSplONE,중학생 챌린저,490,288,227,True,False,False,True
175,GRANDMASTER,B4hDHSTQZLfFgL0gl151bsaIg96m2TasGw-dm3TH37rAI95v6HKQdR9XEA,FurryLover Nana7,396,524,488,True,False,False,False
176,GRANDMASTER,baiCKZil5PAEpAo2Rj2kbq-4NvKcan2mHOxUqGkgykU-Ia4,펜니르,415,242,225,False,False,True,False
177,GRANDMASTER,hUmfpFd_g4fBqikUjUcB_QNYHCTwe3DtNq1J70zBguUhhJhK,아자 아자 아자,551,751,661,False,False,False,False
178,GRANDMASTER,3TjkJ8pQ_ufgbsr0WhotnQ28raHZbIql7OAsDjxDizmM5Rs,Water monkey,363,334,233,False,False,False,False
179,GRANDMASTER,fAvZddf7tWpDVE5jeN233umWNk7RtCt_YA3_n9kN7SEAUEQ,heeseong,709,135,104,False,False,False,False
180,GRANDMASTER,Q5TKIWOKHamse16NTMX9MaIzkdQEUQkVsKk44bMiVS__KFJFe6LV9MIw9w,bai gei,503,307,279,True,False,False,False
181,GRANDMASTER,piXgnzuT__d2m3kF-c-eSxtArBf8wtmkcRKwn5gibBJz-2g0rWpn_3dzSA,Iselina,391,397,368,False,False,True,False
182,GRANDMASTER,spKsguGKiu0cXRIai8iw7QflFxvQ1sH9Br4PA0iDkufeFB-nZHqj7QU7pQ,미얀미얀미얀,431,322,285,False,False,False,False
183,GRANDMASTER,qKkvk9VlOeDQ-LgViEcLg7bHbw8w7SuB5W1HgqWDBqi92zwmE-i_YihMDg,Jacquely,409,225,170,False,False,False,False
184,GRANDMASTER,9El2qTIwuMW0sA0Gl-0ugDB4Zl0wnw0SluQEPuknjXaBPPA,전설이 될 남자,501,814,790,True,False,False,False
185,GRANDMASTER,GRvHKO7jNu5Zzp_HLaj00_6NKx4WBVOQxALAveQ1If1Ctkk,죽다 고요히,698,192,150,False,False,False,False
186,GRANDMASTER,2eE1qwlj4vUnwC4G_iEWguTGRSplLLQy8q86sY4xcMY6TCY,i am a suporter,505,334,304,True,False,False,False
187,GRANDMASTER,3XhB65lzyf3DDXjQ4Ps5vOx_nB6ytMGtCrM1r4wU1RPmcdpFFz2P5EtG5Q,1874,479,125,87,False,False,False,False
188,GRANDMASTER,x5LYI8HTiMu3OhODn_Q6n_aZXw85uEjzSAbRYuQe8MWlBdWawvtpmWItcQ,clearlove77,457,301,262,True,False,False,False
189,GRANDMASTER,_6G4vvJ39DmAN1EX-kTaVHSsCSDIY4qspIuqtmYvJLw35FGs09fPCYWDqA,징징이는징징징징,617,288,237,False,False,False,False
190,GRANDMASTER,Y7k5o_ANMft5N0Gko_p4DoYbqv8fbUxrbRvFFJdMTmi0PbrwpVJFsQHsMA,qwertyuioasd,664,207,159,False,False,True,True
191,GRANDMASTER,2TcaYgZGdJmYHX-SY1D7vTl8vdhBjhD1TfjMFO_-xldfeg9lt8szUtmmlA,The great devil,551,313,273,False,False,False,False
192,GRANDMASTER,goqZ0thcknMjkQDkdERvAfFx_b8sgSwoQXi0-Qq3X_LVuJw,게임을 끄기전에,539,145,107,True,False,False,False
193,GRANDMASTER,DiyEimyX1TS9fbxqN4xJJhmjyX0u5Ql0ZGU1dPnsUW-6YNeZGgAXNh6NbA,sakula,566,160,107,False,False,True,False
194,GRANDMASTER,3eg-JiDmtg-BIeP4dy3njb1O6TktdWMvXtojsFMdbOPFNho,X1LANX1LANX1LAN,590,359,337,False,False,False,False
195,GRANDMASTER,TFyfV9fLjgy00pXwzHaGPyV-iqZo4knew3E0yqEXsPAkf61B,나는쓰레기1,420,705,653,False,False,True,False
196,GRANDMASTER,mdJzO80fbkgZBicOtXMgqvslE1FfpHPpVXR38IWnwdkok_UQ4OgHUdAx5Q,back to the past,365,120,79,False,False,True,False
197,GRANDMASTER,aOqczEJUjMU1Y7wZytLR1zd5Zo-JOZjqUXrlTLU1l5TgBUadbXrszHBqWw,Tian Xin Sup,400,81,43,False,False,True,False
198,GRANDMASTER,IxYg738XlkHbwW50_jrxwFVeLuIHEtukpbPcApIzFs1HcfFazyL2F_tgWQ,Airbus A320neo,499,206,152,False,False,False,True
199,GRANDMASTER,oR0Spnnho7fybE81OqqpPvMDj5uQxYICSf8YmReOI7zRp34,ruanruantuan,769,250,194,False,False,True,True
